<?xml version="1.0" encoding="utf-8"?>
<extension type="component" method="upgrade">
	<name>com_finder</name>
	<author>Joomla! Project</author>
	<copyright>(C) 2011 Open Source Matters, Inc.</copyright>
	<creationDate>2011-08</creationDate>
	<license>GNU General Public License version 2 or later; see LICENSE.txt</license>
	<authorEmail>admin@joomla.org</authorEmail>
	<authorUrl>www.joomla.org</authorUrl>
	<version>4.0.0</version>
	<description>COM_FINDER_XML_DESCRIPTION</description>
	<namespace path="src">Joomla\Component\Finder</namespace>
	<menu link="option=com_finder">COM_FINDER</menu>
	<install>
		<sql>
			<file charset="utf8" driver="mysql">sql/install.mysql.sql</file>
			<file charset="utf8" driver="postgresql">sql/install.postgresql.sql</file>
		</sql>
	</install>
	<uninstall>
		<sql>
			<file charset="utf8" driver="mysql">sql/uninstall.mysql.sql</file>
			<file charset="utf8" driver="postgresql">sql/uninstall.postgresql.sql</file>
		</sql>
	</uninstall>
	<files folder="site">
		<folder>helpers</folder>
		<folder>src</folder>
		<folder>tmpl</folder>
	</files>
	<media destination="com_finder" folder="media">
		<folder>css</folder>
		<folder>js</folder>
	</media>
	<languages folder="site">
		<language tag="en-GB">language/en-GB/com_finder.ini</language>
	</languages>
	<administration>
		<files folder="admin">
			<filename>access.xml</filename>
			<filename>config.xml</filename>
			<filename>finder.xml</filename>
			<folder>forms</folder>
			<folder>helpers</folder>
			<folder>services</folder>
			<folder>src</folder>
			<folder>sql</folder>
			<folder>tmpl</folder>
		</files>
		<languages folder="admin">
			<language tag="en-GB">language/en-GB/com_finder.ini</language>
			<language tag="en-GB">language/en-GB/com_finder.sys.ini</language>
		</languages>
		<menu img="class:search-plus" link="option=com_finder">COM_FINDER</menu>
	</administration>
</extension>
